message,label
Nice work,normal
Thank you,normal
Happy birthday,normal
Nice work,normal
Happy birthday,normal
Thank you,normal
Adult content available,sexual
You are stupid,harassment
You are useless,harassment
Nobody likes you,harassment
Thank you,normal
You are stupid,harassment
Free gift card,spam
Claim your reward,spam
Claim your reward,spam
Nice work,normal
Free gift card,spam
Happy birthday,normal
Meet singles near you,sexual
Thank you,normal
Good morning,normal
Get lost idiot,harassment
You are useless,harassment
Hot girls chat now,sexual
Nice work,normal
Nobody likes you,harassment
Meet singles near you,sexual
Hello friend,normal
You are stupid,harassment
Hot girls chat now,sexual
Earn money fast,spam
Free gift card,spam
Free gift card,spam
Claim your reward,spam
Earn money fast,spam
Adult content available,sexual
Win money now,spam
Free gift card,spam
You are stupid,harassment
Get lost idiot,harassment
Send private pics,sexual
You are useless,harassment
Adult content available,sexual
Nobody likes you,harassment
You are useless,harassment
Claim your reward,spam
Meet singles near you,sexual
You are useless,harassment
Earn money fast,spam
Send private pics,sexual
Adult content available,sexual
Hot girls chat now,sexual
Claim your reward,spam
Get lost idiot,harassment
Hot girls chat now,sexual
How are you,normal
Earn money fast,spam
You are useless,harassment
Nobody likes you,harassment
Nobody likes you,harassment
Adult content available,sexual
Adult content available,sexual
You are useless,harassment
Earn money fast,spam
Nice work,normal
Send private pics,sexual
Get lost idiot,harassment
Good morning,normal
Nice work,normal
Meet singles near you,sexual
Get lost idiot,harassment
Earn money fast,spam
Nice work,normal
Meet singles near you,sexual
You are stupid,harassment
Send private pics,sexual
Happy birthday,normal
Earn money fast,spam
Nobody likes you,harassment
Hot girls chat now,sexual
Free gift card,spam
Happy birthday,normal
Win money now,spam
You are stupid,harassment
Win money now,spam
You are useless,harassment
Get lost idiot,harassment
Nobody likes you,harassment
How are you,normal
Hot girls chat now,sexual
You are useless,harassment
Nice work,normal
Good morning,normal
Claim your reward,spam
Win money now,spam
Hot girls chat now,sexual
Free gift card,spam
Adult content available,sexual
Hot girls chat now,sexual
Earn money fast,spam
Win money now,spam
Thank you,normal
Win money now,spam
You are useless,harassment
Happy birthday,normal
Hello friend,normal
Earn money fast,spam
Send private pics,sexual
Adult content available,sexual
Nice work,normal
How are you,normal
You are useless,harassment
Meet singles near you,sexual
Adult content available,sexual
Hot girls chat now,sexual
How are you,normal
You are stupid,harassment
Earn money fast,spam
Nobody likes you,harassment
Earn money fast,spam
Adult content available,sexual
Free gift card,spam
Adult content available,sexual
Claim your reward,spam
Win money now,spam
Good morning,normal
Win money now,spam
Free gift card,spam
Win money now,spam
Nice work,normal
Good morning,normal
Free gift card,spam
Claim your reward,spam
Claim your reward,spam
Meet singles near you,sexual
Get lost idiot,harassment
Good morning,normal
Hot girls chat now,sexual
Happy birthday,normal
Nice work,normal
Win money now,spam
Hot girls chat now,sexual
Nice work,normal
Meet singles near you,sexual
Hello friend,normal
Free gift card,spam
Thank you,normal
Free gift card,spam
Get lost idiot,harassment
Hello friend,normal
Send private pics,sexual
Nice work,normal
Earn money fast,spam
Adult content available,sexual
You are stupid,harassment
Hot girls chat now,sexual
Claim your reward,spam
Hello friend,normal
Get lost idiot,harassment
Adult content available,sexual
Get lost idiot,harassment
Adult content available,sexual
Send private pics,sexual
Get lost idiot,harassment
Hello friend,normal
Meet singles near you,sexual
Nice work,normal
How are you,normal
Win money now,spam
Nice work,normal
Nobody likes you,harassment
Get lost idiot,harassment
You are useless,harassment
You are stupid,harassment
You are useless,harassment
You are stupid,harassment
Meet singles near you,sexual
You are useless,harassment
You are stupid,harassment
Win money now,spam
Meet singles near you,sexual
Nice work,normal
Get lost idiot,harassment
Hot girls chat now,sexual
Win money now,spam
Hello friend,normal
You are useless,harassment
Claim your reward,spam
Happy birthday,normal
You are stupid,harassment
Claim your reward,spam
Meet singles near you,sexual
You are useless,harassment
Meet singles near you,sexual
You are useless,harassment
Send private pics,sexual
Good morning,normal
Free gift card,spam
You are stupid,harassment
Free gift card,spam
Win money now,spam
Hello friend,normal
Hello friend,normal
Earn money fast,spam
Hot girls chat now,sexual
Claim your reward,spam
Hello friend,normal
Meet singles near you,sexual
You are useless,harassment
You are useless,harassment
Win money now,spam
Earn money fast,spam
Adult content available,sexual
Get lost idiot,harassment
Send private pics,sexual
Claim your reward,spam
Get lost idiot,harassment
You are stupid,harassment
Get lost idiot,harassment
Get lost idiot,harassment
Free gift card,spam
Adult content available,sexual
Thank you,normal
Claim your reward,spam
Hello friend,normal
You are useless,harassment
You are useless,harassment
Get lost idiot,harassment
You are stupid,harassment
Nobody likes you,harassment
Claim your reward,spam
Hot girls chat now,sexual
Nice work,normal
Happy birthday,normal
Get lost idiot,harassment
Get lost idiot,harassment
You are useless,harassment
Hello friend,normal
Happy birthday,normal
You are stupid,harassment
Meet singles near you,sexual
Get lost idiot,harassment
Earn money fast,spam
Adult content available,sexual
Win money now,spam
Meet singles near you,sexual
Adult content available,sexual
Hello friend,normal
Claim your reward,spam
You are useless,harassment
Earn money fast,spam
Free gift card,spam
Claim your reward,spam
Hot girls chat now,sexual
How are you,normal
Hello friend,normal
Hello friend,normal
Nobody likes you,harassment
Free gift card,spam
Get lost idiot,harassment
Hot girls chat now,sexual
You are stupid,harassment
Meet singles near you,sexual
Adult content available,sexual
Hot girls chat now,sexual
Earn money fast,spam
Earn money fast,spam
Meet singles near you,sexual
You are stupid,harassment
Nice work,normal
You are useless,harassment
How are you,normal
Claim your reward,spam
Thank you,normal
Send private pics,sexual
Good morning,normal
Free gift card,spam
Adult content available,sexual
Earn money fast,spam
Adult content available,sexual
Nice work,normal
Meet singles near you,sexual
Hello friend,normal
Send private pics,sexual
Earn money fast,spam
You are useless,harassment
Free gift card,spam
How are you,normal
Good morning,normal
Send private pics,sexual
Meet singles near you,sexual
Claim your reward,spam
Nice work,normal
Get lost idiot,harassment
Win money now,spam
Free gift card,spam
Adult content available,sexual
Win money now,spam
How are you,normal
Earn money fast,spam
Nobody likes you,harassment
Earn money fast,spam
Hello friend,normal
Earn money fast,spam
Good morning,normal
Claim your reward,spam
You are useless,harassment
Meet singles near you,sexual
Meet singles near you,sexual
Earn money fast,spam
Adult content available,sexual
You are useless,harassment
Good morning,normal
You are useless,harassment
Free gift card,spam
Free gift card,spam
Earn money fast,spam
Earn money fast,spam
Claim your reward,spam
Thank you,normal
Happy birthday,normal
Hot girls chat now,sexual
You are useless,harassment
Win money now,spam
How are you,normal
How are you,normal
Hello friend,normal
Free gift card,spam
Adult content available,sexual
You are stupid,harassment
You are useless,harassment
Good morning,normal
Hot girls chat now,sexual
Hot girls chat now,sexual
Happy birthday,normal
How are you,normal
Hot girls chat now,sexual
Send private pics,sexual
Get lost idiot,harassment
Get lost idiot,harassment
Claim your reward,spam
You are useless,harassment
Win money now,spam
Hello friend,normal
Hot girls chat now,sexual
You are stupid,harassment
Claim your reward,spam
Earn money fast,spam
You are useless,harassment
You are stupid,harassment
Claim your reward,spam
You are useless,harassment
Free gift card,spam
You are useless,harassment
How are you,normal
Claim your reward,spam
Send private pics,sexual
Free gift card,spam
Claim your reward,spam
How are you,normal
Send private pics,sexual
Send private pics,sexual
Adult content available,sexual
Happy birthday,normal
You are stupid,harassment
How are you,normal
Earn money fast,spam
Hello friend,normal
Nice work,normal
How are you,normal
You are useless,harassment
Free gift card,spam
Earn money fast,spam
Earn money fast,spam
Hot girls chat now,sexual
Nobody likes you,harassment
Adult content available,sexual
You are useless,harassment
Good morning,normal
Get lost idiot,harassment
Nice work,normal
Free gift card,spam
Claim your reward,spam
You are useless,harassment
Hot girls chat now,sexual
Earn money fast,spam
Send private pics,sexual
Adult content available,sexual
Good morning,normal
Nobody likes you,harassment
Win money now,spam
Adult content available,sexual
You are stupid,harassment
Adult content available,sexual
Meet singles near you,sexual
Earn money fast,spam
Hot girls chat now,sexual
Win money now,spam
Meet singles near you,sexual
Hot girls chat now,sexual
Send private pics,sexual
Hot girls chat now,sexual
Happy birthday,normal
Nice work,normal
Meet singles near you,sexual
You are useless,harassment
You are useless,harassment
Meet singles near you,sexual
Nobody likes you,harassment
Adult content available,sexual
Win money now,spam
Win money now,spam
Good morning,normal
Get lost idiot,harassment
How are you,normal
How are you,normal
How are you,normal
Adult content available,sexual
Send private pics,sexual
Hot girls chat now,sexual
Claim your reward,spam
Good morning,normal
Claim your reward,spam
You are stupid,harassment
Claim your reward,spam
Send private pics,sexual
Nobody likes you,harassment
Send private pics,sexual
Win money now,spam
Claim your reward,spam
Nice work,normal
Meet singles near you,sexual
Good morning,normal
Get lost idiot,harassment
Hot girls chat now,sexual
Earn money fast,spam
Happy birthday,normal
Hot girls chat now,sexual
Hot girls chat now,sexual
Win money now,spam
Earn money fast,spam
Free gift card,spam
Hello friend,normal
Free gift card,spam
Adult content available,sexual
Nice work,normal
Claim your reward,spam
Send private pics,sexual
Win money now,spam
Free gift card,spam
You are useless,harassment
You are useless,harassment
You are stupid,harassment
Meet singles near you,sexual
You are useless,harassment
Hot girls chat now,sexual
You are stupid,harassment
Adult content available,sexual
Free gift card,spam
Free gift card,spam
Thank you,normal
Good morning,normal
Get lost idiot,harassment
Meet singles near you,sexual
Send private pics,sexual
Claim your reward,spam
Meet singles near you,sexual
You are stupid,harassment
Earn money fast,spam
Good morning,normal
Nobody likes you,harassment
Thank you,normal
Hello friend,normal
Meet singles near you,sexual
You are useless,harassment
Hot girls chat now,sexual
You are stupid,harassment
You are useless,harassment
Meet singles near you,sexual
Hot girls chat now,sexual
Happy birthday,normal
Send private pics,sexual
Nice work,normal
Win money now,spam
How are you,normal
Win money now,spam
Earn money fast,spam
Claim your reward,spam
Send private pics,sexual
Earn money fast,spam
Claim your reward,spam
Thank you,normal
Hello friend,normal
Free gift card,spam
Hello friend,normal
Get lost idiot,harassment
Nobody likes you,harassment
You are useless,harassment
Earn money fast,spam
Good morning,normal
Thank you,normal
Meet singles near you,sexual
Earn money fast,spam
Nobody likes you,harassment
How are you,normal
Win money now,spam
Win money now,spam
Adult content available,sexual
Meet singles near you,sexual
You are stupid,harassment
Meet singles near you,sexual
How are you,normal
Hot girls chat now,sexual
Meet singles near you,sexual
Nobody likes you,harassment
Get lost idiot,harassment
Free gift card,spam
Win money now,spam
Earn money fast,spam
Get lost idiot,harassment
Free gift card,spam
Adult content available,sexual
Win money now,spam
Hello friend,normal
Nobody likes you,harassment
Claim your reward,spam
Good morning,normal
Good morning,normal
Happy birthday,normal
Good morning,normal
Earn money fast,spam
Happy birthday,normal
Send private pics,sexual
You are useless,harassment
Nobody likes you,harassment
Claim your reward,spam
You are useless,harassment
Happy birthday,normal
You are stupid,harassment
Get lost idiot,harassment
Thank you,normal
Nice work,normal
Send private pics,sexual
You are stupid,harassment
Adult content available,sexual
You are stupid,harassment
Nice work,normal
How are you,normal
How are you,normal
Earn money fast,spam
Free gift card,spam
Earn money fast,spam
Free gift card,spam
Hot girls chat now,sexual
Adult content available,sexual
Hot girls chat now,sexual
Earn money fast,spam
Send private pics,sexual
Hello friend,normal
You are useless,harassment
You are stupid,harassment
You are useless,harassment
Free gift card,spam
Get lost idiot,harassment
Adult content available,sexual
Meet singles near you,sexual
Hello friend,normal
Happy birthday,normal
Claim your reward,spam
Good morning,normal
Free gift card,spam
You are stupid,harassment
Get lost idiot,harassment
Get lost idiot,harassment
Happy birthday,normal
Send private pics,sexual
Hello friend,normal
Adult content available,sexual
Send private pics,sexual
Win money now,spam
How are you,normal
Earn money fast,spam
Meet singles near you,sexual
Happy birthday,normal
Nobody likes you,harassment
Thank you,normal
Get lost idiot,harassment
You are useless,harassment
Hello friend,normal
You are stupid,harassment
Free gift card,spam
Free gift card,spam
Adult content available,sexual
Nobody likes you,harassment
Nobody likes you,harassment
Good morning,normal
Win money now,spam
Thank you,normal
Win money now,spam
Meet singles near you,sexual
You are useless,harassment
Thank you,normal
Nice work,normal
Meet singles near you,sexual
You are stupid,harassment
You are stupid,harassment
Win money now,spam
How are you,normal
Thank you,normal
Meet singles near you,sexual
Meet singles near you,sexual
Nice work,normal
Nobody likes you,harassment
Claim your reward,spam
Hot girls chat now,sexual
Send private pics,sexual
Get lost idiot,harassment
Nobody likes you,harassment
Meet singles near you,sexual
Nobody likes you,harassment
Nice work,normal
You are useless,harassment
You are stupid,harassment
Get lost idiot,harassment
Adult content available,sexual
Win money now,spam
Claim your reward,spam
Win money now,spam
Win money now,spam
Hot girls chat now,sexual
Send private pics,sexual
Get lost idiot,harassment
Thank you,normal
Meet singles near you,sexual
Get lost idiot,harassment
Free gift card,spam
Free gift card,spam
Happy birthday,normal
Free gift card,spam
Hot girls chat now,sexual
Win money now,spam
Send private pics,sexual
Send private pics,sexual
Happy birthday,normal
Adult content available,sexual
Send private pics,sexual
You are stupid,harassment
Good morning,normal
Thank you,normal
Meet singles near you,sexual
Claim your reward,spam
Hot girls chat now,sexual
Claim your reward,spam
Nice work,normal
How are you,normal
Thank you,normal
You are stupid,harassment
Get lost idiot,harassment
Claim your reward,spam
Claim your reward,spam
You are useless,harassment
Good morning,normal
You are useless,harassment
You are useless,harassment
Meet singles near you,sexual
Good morning,normal
Happy birthday,normal
Hot girls chat now,sexual
Claim your reward,spam
Hello friend,normal
You are stupid,harassment
You are stupid,harassment
Send private pics,sexual
Hot girls chat now,sexual
How are you,normal
Hello friend,normal
Claim your reward,spam
Free gift card,spam
Nice work,normal
Nobody likes you,harassment
Get lost idiot,harassment
Adult content available,sexual
Thank you,normal
You are useless,harassment
Get lost idiot,harassment
Nice work,normal
Good morning,normal
Free gift card,spam
You are stupid,harassment
Get lost idiot,harassment
Get lost idiot,harassment
Win money now,spam
Earn money fast,spam
Earn money fast,spam
Nobody likes you,harassment
How are you,normal
You are useless,harassment
Hello friend,normal
Send private pics,sexual
Claim your reward,spam
Happy birthday,normal
Thank you,normal
Send private pics,sexual
Claim your reward,spam
Claim your reward,spam
Meet singles near you,sexual
Send private pics,sexual
Meet singles near you,sexual
Claim your reward,spam
Claim your reward,spam
You are stupid,harassment
Get lost idiot,harassment
Earn money fast,spam
Adult content available,sexual
Good morning,normal
Send private pics,sexual
Free gift card,spam
Get lost idiot,harassment
Hello friend,normal
Send private pics,sexual
Happy birthday,normal
Nice work,normal
Nice work,normal
Earn money fast,spam
Good morning,normal
Adult content available,sexual
Free gift card,spam
Nice work,normal
Hot girls chat now,sexual
Hot girls chat now,sexual
Get lost idiot,harassment
Hot girls chat now,sexual
Send private pics,sexual
Adult content available,sexual
Hot girls chat now,sexual
Hello friend,normal
Send private pics,sexual
Get lost idiot,harassment
Claim your reward,spam
Send private pics,sexual
Adult content available,sexual
Win money now,spam
Win money now,spam
Hot girls chat now,sexual
You are useless,harassment
Nobody likes you,harassment
Free gift card,spam
Get lost idiot,harassment
Nobody likes you,harassment
You are stupid,harassment
Happy birthday,normal
Happy birthday,normal
Win money now,spam
Nobody likes you,harassment
Hot girls chat now,sexual
Get lost idiot,harassment
Happy birthday,normal
Get lost idiot,harassment
Claim your reward,spam
How are you,normal
Thank you,normal
Hello friend,normal
Nobody likes you,harassment
Thank you,normal
Thank you,normal
Nobody likes you,harassment
Hello friend,normal
Get lost idiot,harassment
Free gift card,spam
Hello friend,normal
Hot girls chat now,sexual
Get lost idiot,harassment
Adult content available,sexual
Win money now,spam
Get lost idiot,harassment
Hot girls chat now,sexual
Win money now,spam
Adult content available,sexual
Adult content available,sexual
Earn money fast,spam
You are stupid,harassment
Nobody likes you,harassment
Nobody likes you,harassment
Happy birthday,normal
Happy birthday,normal
You are useless,harassment
Happy birthday,normal
Send private pics,sexual
You are stupid,harassment
Hello friend,normal
Happy birthday,normal
You are useless,harassment
Hot girls chat now,sexual
Good morning,normal
Send private pics,sexual
Send private pics,sexual
Claim your reward,spam
Get lost idiot,harassment
Send private pics,sexual
Hello friend,normal
You are useless,harassment
Adult content available,sexual
Get lost idiot,harassment
Send private pics,sexual
You are stupid,harassment
Send private pics,sexual
Adult content available,sexual
Win money now,spam
Adult content available,sexual
Thank you,normal
Free gift card,spam
You are stupid,harassment
Get lost idiot,harassment
Hot girls chat now,sexual
Nice work,normal
Happy birthday,normal
Adult content available,sexual
Hello friend,normal
Nice work,normal
Nice work,normal
Win money now,spam
You are useless,harassment
Send private pics,sexual
Free gift card,spam
Get lost idiot,harassment
Claim your reward,spam
Free gift card,spam
Hello friend,normal
Nobody likes you,harassment
You are stupid,harassment
Win money now,spam
Nice work,normal
Claim your reward,spam
Good morning,normal
Meet singles near you,sexual
Adult content available,sexual
You are stupid,harassment
Nice work,normal
Nice work,normal
Nobody likes you,harassment
Thank you,normal
Nice work,normal
Adult content available,sexual
How are you,normal
Earn money fast,spam
Thank you,normal
Meet singles near you,sexual
Get lost idiot,harassment
Send private pics,sexual
Get lost idiot,harassment
Happy birthday,normal
Hot girls chat now,sexual
Earn money fast,spam
Adult content available,sexual
How are you,normal
Earn money fast,spam
Send private pics,sexual
Get lost idiot,harassment
Earn money fast,spam
Get lost idiot,harassment
Hot girls chat now,sexual
You are useless,harassment
How are you,normal
Nobody likes you,harassment
You are useless,harassment
Meet singles near you,sexual
Hot girls chat now,sexual
Win money now,spam
Good morning,normal
Get lost idiot,harassment
Thank you,normal
Nice work,normal
Free gift card,spam
You are stupid,harassment
Nobody likes you,harassment
You are stupid,harassment
Nobody likes you,harassment
Nice work,normal
Hot girls chat now,sexual
Earn money fast,spam
Hot girls chat now,sexual
Claim your reward,spam
Send private pics,sexual
Thank you,normal
How are you,normal
Thank you,normal
Hot girls chat now,sexual
How are you,normal
You are stupid,harassment
Free gift card,spam
Nice work,normal
You are useless,harassment
Free gift card,spam
Win money now,spam
Free gift card,spam
Claim your reward,spam
Win money now,spam
Adult content available,sexual
Hot girls chat now,sexual
Nobody likes you,harassment
Adult content available,sexual
Happy birthday,normal
Nobody likes you,harassment
Adult content available,sexual
Happy birthday,normal
Send private pics,sexual
Nobody likes you,harassment
Hot girls chat now,sexual
Happy birthday,normal
You are stupid,harassment
You are stupid,harassment
Meet singles near you,sexual
Get lost idiot,harassment
Nice work,normal
You are useless,harassment
Free gift card,spam
Nobody likes you,harassment
Get lost idiot,harassment
Nice work,normal
Earn money fast,spam
Nobody likes you,harassment
Nobody likes you,harassment
Meet singles near you,sexual
Nice work,normal
Free gift card,spam
Free gift card,spam
Nice work,normal
Earn money fast,spam
Send private pics,sexual
Free gift card,spam
Adult content available,sexual
Good morning,normal
Send private pics,sexual
Meet singles near you,sexual
Get lost idiot,harassment
Thank you,normal
Earn money fast,spam
Good morning,normal
How are you,normal
Nobody likes you,harassment
Free gift card,spam
You are stupid,harassment
Claim your reward,spam
Hello friend,normal
Thank you,normal
Hello friend,normal
Claim your reward,spam
Happy birthday,normal
Earn money fast,spam
You are stupid,harassment
Claim your reward,spam
Free gift card,spam
Send private pics,sexual
Claim your reward,spam
How are you,normal
Claim your reward,spam
Nobody likes you,harassment
Claim your reward,spam
Good morning,normal
Win money now,spam
You are stupid,harassment
Send private pics,sexual
Hot girls chat now,sexual
Meet singles near you,sexual
Claim your reward,spam
Thank you,normal
You are stupid,harassment
Claim your reward,spam
Get lost idiot,harassment
Nice work,normal
Happy birthday,normal
Send private pics,sexual
You are useless,harassment
Free gift card,spam
Happy birthday,normal
You are useless,harassment
Adult content available,sexual
Nobody likes you,harassment
Send private pics,sexual
Send private pics,sexual
Send private pics,sexual
Nice work,normal
Claim your reward,spam
Adult content available,sexual
Thank you,normal
Free gift card,spam
Free gift card,spam
Nobody likes you,harassment
Get lost idiot,harassment
Nice work,normal
Meet singles near you,sexual
Meet singles near you,sexual
Meet singles near you,sexual
Earn money fast,spam
Meet singles near you,sexual
Adult content available,sexual
Thank you,normal
Earn money fast,spam
Adult content available,sexual
Claim your reward,spam
